tweet_id,stance
1222896376817700864,1
1222979381074825216,1
1223005482660614144,0
1223639043814166534,1
1223673591117623297,1
1223675195967320064,1
1225426233607020544,0
1227049747153711104,0
1227289013083656193,0
1227641208635301889,2
1228294223050395648,0
1228988889953685504,1
1229407386097651712,2
1229779202527748098,2
1230303492234858496,2
1230354500474433536,1
1230747924931284992,0
1230885236835311617,2
1231294256511430657,2
1231409946459168769,0
1231948645957853185,1
1232054461255778312,1
1232572762536890368,1
1232816280664596482,1
1233134137160192001,2
1233346004520505345,1
1233459349722451970,1
1233465937547927553,2
1233832259888742400,0
1233968750312902658,1
1234330174847639553,2
1234937441578102784,1
1234945426547204098,2
1234977049493659648,0
1235015035400970241,0
1235096940158705664,2
1235121791141462016,0
1235642227348525059,0
1235929932867530752,0
1236278136179998721,0
1237082943039864832,0
1237094613783138305,0
1237436865629663232,0
1237494211462733826,2
1238001877956136960,1
1238083481063903238,1
1238308414348025866,0
1238418676346322944,0
1238509629312765955,2
1238747535453413377,2
1238750823200546817,0
1238827908757520384,0
1239071156805734400,2
1239080129491394561,0
1239319944602542081,1
1239571741007122432,0
1239901787022188545,1
1240192054208000000,2
1240197499249254400,0
1240203482939953158,0
1240698813058146305,2
1241055363400716296,2
1241056548174135298,0
1241058353029058560,2
1241061130732068864,2
1241194203406721027,1
1241201862583422977,0
1241221439379968000,2
1241224529571123200,2
1241693456340140032,2
1241709046132064256,2
1241806927228579840,0
1242124706494455814,0
1242208545795452934,2
1242280537907068929,0
1242315963485302784,2
1242631237614723072,0
1242782131857866754,1
1243134986150203392,0
1243171910789115905,0
1243197121190379522,2
1243216011404460033,0
1243623848416874498,1
1243796028794560513,1
1243836310793662464,2
1244181436569174016,2
1244320367256023040,2
1244325116999327746,2
1244333076508966914,1
1244671634251771904,1
1244678920051609605,0
1244679985413177349,2
1244741661923606539,0
1244847228868382720,0
1244870350027886593,0
1244911546427420672,2
1245689879964667904,0
1246062049014104064,0
1246072694602223624,2
1246184333154664448,2
1246292131880349698,2
1246319490641600512,0
1246325658038329347,0
1246337039588626432,2
1246436260673196034,2
1246609834159624193,2
1246612009321402369,2
1246815261665173504,2
1246868820230209536,2
1246897070226669571,2
1247013692526530565,2
1247157872909266944,2
1247173593571692551,2
1247259890122358791,2
1247323759834472449,2
1247336797132050433,2
1247404049214984194,2
1247883637825122304,2
1247889310189121542,2
1247942682321682432,2
1248267033508274176,2
1248292918592331777,0
1248416590887972864,2
1248566469820067841,1
1248580399585996800,1
1248596922677387265,0
1249081901878575111,2
1249084981063737344,2
1249088983570821120,2
1249265850290446337,1
1249354297428475907,1
1249685251456188416,1
1250132745453539337,2
1250273400087441408,0
1250454699326595074,1
1250727252985352194,2
1250731730262208513,2
1250732590908223489,1
1250772747552198662,2
1250807185820573698,0
1250812670367784960,1
1251024476222955523,2
1251337608199897088,0
1251425033592942593,2
1251527344268947457,0
1251557256526774278,0
1251830264403296256,1
1251840396130430978,2
1251941031840546817,0
1251943189856075779,2
1252082270426370050,1
1252184089563664384,1
1252197823610789889,0
1252509673359503361,0
1252533176708128769,0
1253114347745767424,0
1253134045648687105,0
1253457475547942913,0
1253492181832065024,1
1253512130923507716,0
1253705758924894208,1
1253730299353104384,0
1253745068374196231,0
1254081946763890688,2
1254112064034963456,1
1254277978600738817,1
1254298767471398912,2
1254977606765731841,0
1255025219586060288,2
1255148376741433344,1
1255297374873935874,2
1255531035812458496,0
1255987268805894145,1
1256132544388448256,2
1256288795726659601,0
1256395492730327043,0
1256400145895141378,2
1256559829906329600,1
1256853608240275456,0
1257191636607668229,0
1257218040879616000,2
1257550383154524161,0
1257905935638499328,2
1258239400653307915,0
1258350392959787009,2
1258456300595359750,0
1258566821554253825,1
1258586326045253634,0
1258730451113521153,0
1258810124002398208,0
1258871397419368449,2
1259148886741942274,1
1259254492689817601,1
1259336154056253441,2
1259351217228017665,0
1259672012919918592,1
1259687838427123712,2
1260122706445570048,0
1260124783951437832,0
1260364032848134144,2
1260380156289572864,2
1260448580655026178,0
1260616594184638464,1
1260692977787289600,0
1260808534956093441,1
1260900669277573122,1
1260910261814415360,2
1261000828875227137,1
1261088904805040128,0
1261186484641595392,1
1261904088196939780,2
1261913882614026240,2
1262290485168783360,2
1262291684194283524,2
1262300794801524736,1
1262301660468129792,0
1262336133033349122,0
1262588507656040450,0
1263040637496029184,0
1263123801451180033,2
1263512835549573120,2
1263526648332378118,2
1263552747066085377,0
1263885864465133568,0
1264205027968782337,0
1264212039108616192,2
1264351005141016581,0
1264379021296467971,0
1264475120304828416,0
1264557283318607877,2
1264990631308472323,2
1265122273863835651,0
1265130481697185793,0
1265305466776805376,0
1265485103385530369,0
1265494200587636739,0
1265598332593979393,0
1265770782988402689,0
1265894182939312130,1
1266125795661099014,2
1266366888533057537,2
1266425496662945794,0
1266471483032899584,2
1266585003921747969,1
1266935455813111808,0
1267108187498598400,1
1267313482518728706,1
1267541620406341635,2
1267893895024775174,1
1268023640072654849,0
1268049681373937666,2
1268174805112688643,0
1268208831949082625,1
1268272035433721860,1
1268632442413465601,1
1268800255413403648,0
1268810836392341504,0
1268868926529835008,1
1269240362977157120,2
1269328677176856583,2
1269455643397644288,2
1269469026272542720,2
1269748839369420800,2
1269755935687233536,2
1270071481092001793,1
1270081451954892800,1
1270095280046845954,0
1270268470844747780,0
1270417309258190850,1
1270755471692115968,0
1270784060047097856,1
1270794639524663301,2
1270799831011938305,2
1271010055228477440,2
1271016014239563777,0
1271288186354855936,0
1271517468272590848,0
1271598615560142849,1
1271869313348038656,1
1272141234023419907,0
1272240879739248642,0
1272418660418596864,2
1272531810715447296,1
1273328830833233920,2
1273457430240862209,2
1273655574589255680,0
1273883449082904577,0
1274128515831484417,0
1274153973075906561,1
1274311032459210753,1
1274437485716746241,1
1275006375060529153,2
1275049424448712704,0
1275182693328629760,0
1275282733502099457,0
1275391281066176513,0
1275453231213080577,2
1275648538521882630,2
1275719465192349698,2
1275930772608815105,2
1276087531113766912,2
1276308736525524992,1
1276464164979032064,0
1276817571656974336,0
1276961575497355264,2
1277153589492764674,2
1277261082428497922,2
1277262627530592259,0
1277467086097461248,0
1277832074997751809,1
1278011829088858114,0
1278322024117649408,0
1278534509168820224,1
1278659825497333760,0
1278871583084253184,1
1278889926554050560,2
1278893062685687810,1
1278943324385054720,0
1279358292095954944,0
1279396833094176770,1
1279788379098566657,1
1279839449002782722,0
1279939744013615108,2
1279948449144864768,0
1280445948200734720,2
1280467456474087426,2
1280520981057081344,0
1280521626300354560,0
1280556145741086723,1
1280747460026138624,0
1280833610870915073,0
1280863124774686721,2
1280872860668628993,2
1280874356701138945,2
1280957245828759553,1
1280960960430313474,2
1280966626238750721,1
1281094667430506496,0
1281265721050230784,1
1281623357595758598,1
1281640402316140547,2
1282534463105204224,2
1282607661394071553,1
1282631357022318592,0
1283150838110867456,0
1283337881487134723,2
1283416028991705090,0
1283777115788320773,1
1283864862318301184,1
1283946359289241606,2
1284065846311124992,0
1284353327334121472,2
1284360639801106432,2
1284594684191363073,0
1284598531131445248,2
1284614506518327297,1
1284658052449222656,2
1284660650703065090,0
1284731340051509248,0
1285142738183360514,0
1285397519720222720,1
1285575210016690177,0
1285835606296231936,2
1285949451756961798,0
1285975429438939137,0
1286004584033292290,1
1286099983364763651,2
1286109256555679746,0
1286128508557819907,0
1286749131046879236,2
1286802120377683968,2
1287062263376093184,0
1287067904710709249,1
1287118432849129472,2
1287140086077956096,1
1287175804133179395,2
1287672636932124673,0
1287774748210937858,0
1287843477452029953,1
1287845856989736960,0
1287893226054197249,0
1288369033914527745,0
1288473801936769026,2
1288488776109563904,2
1288660679126208512,0
1288878904153968641,0
1289002331636404224,2
1289095115424792577,0
1289557314391900160,1
1289581446244347905,2
1289585981759209472,2
1290256770766520322,2
1290402179027795969,2
1290516869401792512,0
1290623976012742657,2
1290762498984083457,1
1290979453649276928,2
1291304164786450432,2
1291440600630226944,0
1291460772787257344,2
1291574645808930816,1
1291624852558774272,1
1292098619626205192,2
1292387211565047808,2
1292505924624678913,0
1292557185646436352,2
1292702576862007296,0
1292716384535941121,0
1293121791875981313,0
1293134300821499904,1
1293156478241710081,0
1293505548089008128,0
1293778380966395906,0
1294168750363746304,0
1294284521542758404,2
1294381524880687106,2
1294393248832790536,0
1294609836097839106,0
1294722003157553156,2
1294735256818524165,0
1294865883232337921,0
1294888680574705664,1
1295004358300577793,2
1295406679891292160,0
1295567530623475712,2
1295784151052947458,0
1295816407662436352,1
1295949840627752960,0
1295968089570308096,2
1295972163711725568,0
1295975025414221824,2
1296266150993629185,2
1296269447699869698,1
1296288775165874176,1
1296290980249784321,0
1296351744780193794,0
1296677380036034565,2
1296680954342322178,0
1296683846327586817,0
1296687591727611906,1
1296687741715922946,0
1297004947477848066,2
1297178463489740800,0
1297185328630038529,2
1297328314583982081,0
1297601550651666434,0
1297836946350157824,1
1297901378468290561,0
1297914282190004224,1
1298193993197449216,0
1298428125471297538,2
1298431151845945344,1
1298431325351956485,2
1298579609194237952,0
1299092201675395076,0
1299108649319661569,1
1299111161238097926,2
1299392089457913864,0
1299399095094738946,2
1299405994888396808,2
1299613718909607936,2
1299892476325629954,1
1300240912136597505,0
1300241960905650178,2
1300396696707497986,0
1301243501435260928,1
1301260839886913540,0
1301407312934920192,2
1301408633046159360,2
1301636018718859266,2
1301652068462141444,0
1301655162486951936,0
1301660803431641089,1
1301675488033808384,0
1302162064153235457,0
1302164009857187842,1
1302166538942808064,2
1302368092585156609,2
1302796198110060545,1
1302862434818953218,0
1303313978265919488,0
1303610751345520641,0
1303671631785664512,2
1303747397173075968,0
1304093088248401921,1
1304375151232987141,1
1304485298798301184,1
1305063083925106692,0
1305074775233114112,0
1305314941310771201,0
1305326415986987009,1
1305335462681169920,2
1305504109391380480,0
1305514553829134337,2
1305517848198955009,0
1305849207178305536,0
1306244281343062022,0
1306272988648669192,0
1306355273196593152,0
1306529121267261440,2
1306893991477157888,0
1306897738303516672,0
1307332664425426951,2
1307687863862132743,2
1308122576758231040,2
1308681799183278080,0
1308728351671058432,0
1309581753187815427,0
1309865493998850048,2
1309935147127627776,2
1310464248603176962,2
1310977712236965890,2
1310978962667921408,2
1311105913152045057,2
1311146809658572801,1
1311149029405777921,2
1311149841179787265,1
1311396675328638977,0
1311569301342760965,0
1311573997306417153,0
1311917156641112064,0
1311999988147380225,1
1312045483880194055,0
1312379986310057985,0
1312729952245215232,0
1312815932738285571,0
1312824067406299137,0
1313317576227913728,0
1313482896120799232,0
1313562575846735872,0
1313573691175981056,0
1313886991956746242,1
1314119876072501248,2
1314151221851115521,0
1314237821348122628,2
1314498632570351618,0
1314514213402939401,1
1315988025906728961,0
1316048709008805888,0
1316423526308614145,2
1316605030997258241,2
1316951428120924161,2
1317051532458758144,0
1317070017847054341,0
1317282583361847296,0
1317397813492387840,0
1317489592610836487,0
1317527041399529473,0
1317771420815052800,0
1317831447055601666,1
1317861496093814784,0
1318046314089893888,2
1318062227929419781,1
1318618003186089985,0
1318861443773665281,0
1319022626048778240,2
1319253185446531072,1
1319276837923549189,0
1319446615552368640,2
1319846616065576960,0
1320368479007105025,0
1320467021151096832,0
1320683111773016071,0
1320684035945963521,2
1320695528770813954,0
1320854745909780482,0
1321153292836179968,0
1321309108151242753,1
1321860277621694470,0
1322245132012249089,0
1322276808641884160,0
1322296073566781440,2
1322432435443945474,0
1322538826745536512,1
1322614317678796802,0
1322668560175562752,0
1323228879310495744,0
1323232797285359625,2
1323341212724695040,2
1323478181073080320,2
1323484633519054848,0
1323602986988457985,0
1324062426413879303,2
1324303849767796738,0
1324332530829590530,0
1324581980252610560,2
1324970024805806091,0
1325136429261811713,1
1325272569457487872,1
1325284581449166849,2
1325447414946299904,1
1325883577230364676,0
1326061034281578496,0
1326071801189965825,2
1326294840284483584,0
1326312075870629888,1
1326496214859341826,0
1326714596833456128,0
1327133047301484544,0
1327419745382002689,0
1327799498127630337,0
1327826198525849601,0
1328175022268174336,2
1328314394627850240,1
1328464865028165634,1
1328539503380860929,0
1328704426127863814,0
1329067726887739397,1
1329269416756797447,0
1329800468185362435,0
1329880230778073093,0
1330024616006279170,0
1330133109539545089,0
1330373397986029570,0
1330588441168502788,0
1330775233721233408,0
1330783827371954176,0
1331138103264817158,0
1331387476808699904,1
1331402294714396673,0
1332330718714851330,2
1332497428776443905,1
1333384627751428099,0
1333529998590959619,0
1333576929606250498,0
1333582175409680389,0
1333745718830518272,0
1333808422471528448,1
1334112211485134849,0
1334120086395899908,0
1334184766082576397,2
1334372873943838720,0
1334796712389513219,2
1335300497469747200,1
1335302207218937856,1
1335694358863990784,2
1335707172999749638,1
1335902175525019648,1
1336050077773803521,1
1336207853519056898,1
1336347915539779584,0
1336407831415762946,0
1336493415098327047,2
1336756490078711808,0
1336917385387765760,0
1338121891312234500,0
1338184159647457280,1
1338325518148657152,0
1338501075033157632,0
1338598438108336130,0
1338670427464478721,0
1338774001137618948,1
1339125567019495424,0
1339143859134193664,2
1339376342819893253,0
1339573705043824645,0
1339758669643321347,1
1339759265884626944,0
1339763967569354753,0
1339769130044579840,0
1339951508582969345,1
1340762518076203010,0
1340778070706429952,1
1340857912709828610,2
1340873559145652227,2
1341249734485422080,1
1341425836050755586,0
1341704590681620481,0
1341868203098730505,0
1342016543996207104,0
1342295123615490054,2
1342296899806760961,0
1342311608282918913,0
1342312408723976193,1
1342355645887082497,0
1342631119741661187,1
1342757792931864577,0
1342895313112150017,1
1343689461511630854,0
1343722184695574528,2
1343766804116738048,1
1343923997759696897,1
1343999600286334977,2
1344180475854684162,0
1345610617458196489,2
1345662554035597312,0
1345685727322001408,1
1345911858746843143,2
1346124503315697666,0
1346150641689886720,1
1346537083754541056,0
1346885546078064642,1
1347175706825023490,0
1347255619108171780,1
1347483982347313155,1
1347484359348129795,2
1347570647581519873,0
1347602161631449089,0
1347742354606678018,0
1347747302954291202,0
1347782518716641280,2
1347963254820265991,1
1348183680611569664,0
1348208040571531267,0
1348297320668999681,2
1348821519095525378,1
1348948574575333376,2
1349212586450030592,2
1349740426790653956,1
1350709471375368192,1
1351062117923876864,2
1351237389931446278,0
1351353159352942594,0
1351369105580855296,1
1351376481369223168,0
1351523602085109768,1
1351945084195934209,0
1352083767637250051,0
1352469230046699527,0
1353083043641241600,1
1353251189358354433,0
1353256454912937984,0
1353651522048032768,0
1353900600300285952,0
1354279717512376322,1
1354494888180473858,2
1354689009566576641,0
1354962977452032003,2
1354967253842759682,0
1355030947285110787,0
1355151951290359818,1
1355248863234416641,0
1355339977606000649,0
1355483092912320512,0
1355652093185568769,0
1355659103880753155,1
1355805711784169473,1
1355942316633174024,0
1356084129658449923,0
1356125141483335681,0
1356125644397051904,1
1356128233486311431,0
1356146887498354688,1
1356658258665230337,0
1357156924807131136,0
1357270602940358656,0
1357275853810528259,1
1357363777654710273,1
1357615519189368832,1
1357647177917554693,0
1357647327561973760,1
1357652716659605504,1
1357669053213659136,1
1358030718329368577,1
1358104235175460866,1
1358117032198361088,1
1358273638798135296,1
1358283984103374848,0
1358505844174966785,2
1358731893294829570,0
1358764602453073920,0
1359070171323899904,1
1359155760333279233,0
1359177120229052417,1
1359247261943881728,1
1359643910537170947,1
1359970591579725825,0
1361917695004844034,0
1362042507761225730,0
1362394687412305931,0
1362537874554503169,0
1362686005837373440,1
1362949285847855108,0
1363647852308701186,2
1363940465616302083,0
1364099967418253313,0
1364253854351687680,0
1364546071045750788,0
1364602275411480576,0
1364697996785569795,0
1364764780288872449,0
1365005376375128065,0
1365005396264509441,0
1365226355940589571,0
1365236543108055042,0
1365248532043694081,0
1365664513576558596,0
1366000329872015363,0
1366096321929748484,0
1366244652408401921,0
1366448371343519744,0
1366744280975474691,0
1366763531362779136,0
1366765180793876481,0
1366820916609515520,0
1367227665275645955,0
1367240362830553091,0
1367595970909925387,0
1367816978593951746,0
1368020532340297729,0
1368339588029308933,0
1368378291904712705,0
1368552292895621122,1
1368597962381791234,0
1368648903025963026,0
1368779471684132865,0
1368884709237940225,0
1369245771573456897,0
1369801453976449027,0
1370147374144704518,0
1370468976766107653,0
1370622066110648324,1
1370782186635399171,0
1370789310732062727,2
1370872736780849158,0
1371076340707946497,1
1371110251731296257,0
1371166739426316290,0
1371275316497281026,2
1371401767309643778,0
1371405002846187526,1
1371521840766726147,1
1372025791165337614,0
1372129447621632000,0
1372689271186890754,0
1372902515986022403,1
1373367710265044998,0
1373794250425389057,1
1373809016892166148,1
1373898735051231234,0
1373904988439785472,0
1373985294127628289,0
1374025192054329356,1
1374175356324827136,0
1374471281614094349,1
1374477065001463808,0
1374706833978458113,0
1374709699057225730,0
1374811396966322182,1
1374813629829251073,0
1375339232445804544,0
1375490637953388551,0
1375564450711887872,1
1375679747372556290,1
1375969606964146178,1
1375983819350634499,1
1376552097227931649,0
1376555208281559043,1
1376566127359315978,1
1376756162658451458,2
1376926419327070210,0
1376968562527592464,1
1377246013367402498,0
1377305218287865858,1
1377364728599605249,0
1377382011283775489,1
1377391988740341763,0
1377463228603699202,1
1377591427388035074,1
1377801906869960708,0
1378126917048614913,1
1378132609369305092,1
1378289186592133120,1
1378323097955225602,2
1378325309527838723,2
1378505864051560449,1
1378709809382313984,0
1378804893369004035,2
1379016198201950216,1
1379138374162739203,0
1379826148654211073,1
1379905618035810307,1
1380050361017233408,1
1380162322191241219,1
1380281027436810241,0
1380726920850120706,1
1380926756778094594,0
1380941517498445824,1
1381556148906520580,0
1381674289632514053,0
1381676104667267073,0
1382073959445762052,1
1382315986137845760,0
1382325532331741184,0
1382350575786893313,0
1382485514486493184,1
1382747248132509705,1
1382800153833267200,1
1383006698802184192,0
1383020654514044929,1
1383339525301178369,0
1383692570350346241,2
1383695002744725504,0
1383856241382871041,1
1384408286481371137,1
1384591213043482626,1
1384598028275916801,0
1384602726340997122,1
1384839339423764481,1
1384880312694489088,0
1385473512220016640,0
1385691194240368643,0
1385729063470387202,0
1385747889532522497,0
1385762735254818819,0
1385775142505263105,1
1385918988430057480,1
1385940495872913413,0
1386254679194181633,1
1386313528173268993,1
1386385963824435207,0
1386809956553224192,0
1387013659063377926,1
1387072835177226253,1
1387087308600479748,1
1387260498769440769,1
1387264281129885698,0
1387270256842838017,0
1387519729586212865,1
1387526784279793672,0
1387732589448998916,1
1388342842234269697,1
1388366266377936897,1
1388400486634516484,1
1388402815190581249,1
1388404906176905216,0
1388667941055614984,1
1388676493157539840,0
1388684885238243332,1
1388915795716186115,0
1388916858506592260,0
1389085532605583361,0
1389200473148829696,1
1389202942071353344,0
1389598733260709895,0
1389825579076055041,2
1389841619147395075,1
1389849651730337793,1
1390197756984270850,1
1390265082949496838,0
1390542332957806594,0
1390553442825945088,2
1390972708918382594,0
1390991701498482688,0
1391157799967674369,1
1391204788931543040,0
1391218602007728128,0
1391341459484389377,1
1391452578899271681,2
1391624026443837440,0
1391674353037844480,2
1391708789640945667,0
1392858546237317123,0
1393142592490049537,0
1393154341201223682,0
1393536912669888516,0
1393540416146862081,1
1394286080224944131,0
1394611866266005510,0
1394759203202424833,0
1395127535860555778,0
1395358390587510789,0
1395473063420960770,0
1395602490632982530,0
1396012959504211968,1
1396014476822974466,2
1396132568928555013,1
1396138169737883655,1
1396258360975142914,0
1396268250594304002,1
1396650625782460419,1
1396651303351242757,0
1396917709581869060,0
1397045623162130433,2
1397052830633000967,1
1397392264310185984,1
1397398022405824514,0
1397805418991214596,1
1397814244830285829,1
1398240615226281989,0
1398280961209602048,0
1398291736372420609,0
1398482678727397376,0
1398564470750793731,1
1398586096158613509,2
1398628880324382720,1
1398963642117279744,0
1398972462751272960,0
1398999938638528514,1
1399065614044614660,1
1399076288053190658,0
1399167749201481732,1
1399572786452959234,1
1399580995528056832,0
1399583274742210560,0
1399835686237310977,0
1400512639579656206,1
1400524134698917894,2
1400536886700036102,1
1400716708357226499,1
1400727570421891074,1
1400772065830055944,1
1400782512662757379,1
1400960795828101120,1
1400977051587428355,0
1401166485230325762,1
1401554410401013760,1
1401659489988886535,2
1401667741191376897,0
1401673848500654092,0
1401709785855270912,0
1401731525574496258,0
1401936367542845449,2
1402150519783800834,0
1402181778010378247,1
1402183652075728900,0
1402192426161348609,0
1402264158112935936,0
1402441597359382534,0
1402511471104258049,0
1402709102007099397,0
1402908624339537921,1
1402910649311805442,0
1402917241918681091,0
1403211907914293249,1
1403473948818296832,1
1403598371802292227,2
1403625336760373250,0
1403627232237654017,2
1403627845256089601,0
1403838426126839808,1
1403940194303176708,1
1404100711139393540,1
1404146203470831621,1
1404164826327400451,1
1404413309030309891,0
1404620927283892225,0
1404714397663121410,0
1404808044375154689,0
1405276993105448963,1
1405486305253920773,1
1405628599810494465,2
1405891994782769163,0
1405896771860152330,1
1406280614140157955,0
1406603409835311108,0
1407010537901150214,1
1407154149305819136,2
1407608851168333825,1
1407811085319782403,1
1407813227568848897,1
1408012531294146563,0
1408017799004499968,1
1408146696949977098,0
1408185223477616645,1
1408414318354309128,0
1408539363177345026,0
1408540819863179264,1
1408556461966303232,0
1408714075039748100,0
1408803808122216452,1
1408883162063806465,1
1408993773783326725,1
1409179910443352068,1
1409189402836885505,1
1409418494433693697,1
1409427491274604545,2
1410265447262470145,0
1410365278081499142,2
1410380640634163200,0
1410616384745185293,1
1410617887140716553,0
1410825929018933251,0
1410843307933057027,2
1411200602659463175,1
1411331508447576072,1
1411352784902017026,0
1411418824990097412,0
1411466018623569920,1
1411669931918299148,2
1411679594294435846,0
1411680214833418245,0
1412123583804018689,1
1412131687211978759,1
1412140025744171014,1
1412438658729209857,0
1412486600513273858,1
1412492367236640776,2
1412513411200606211,0
1412738081258717186,0
1412791690058928128,0
1412823092997537798,1
1413395921618968576,0
1413581271117205512,1
1413868031067951106,1
1413921208878436358,0
1413948243965317124,2
1413949519822311428,1
1414239515921682442,0
1414278544151257093,1
1414421197693931522,0
1414874053811134464,1
1415022052898000900,1
1415067944095297536,2
1415213185305485314,1
1415213477875101696,0
1415242458879856647,0
1415377624780656650,1
1415521710237884417,1
1415851078977998849,1
1415990400968450048,1
1416282002634981380,2
1416395994464280576,1
1416482901114322949,2
1416497880139845637,2
1416705563367510020,1
1416953146564173825,2
1417036989300363267,0
1417048046894936064,1
1417056483745828870,1
1417169249081053184,1
1417362792961560577,2
1417596355430604809,1
1417791979228893188,2
1417932845218213890,0
1417948999085137924,0
1418065969344286721,0
1418224607547465729,1
1418243219985518596,1
1418251625743982598,1
1418529674523811840,0
1418610860323397639,0
1418617136419909638,1
1418617929445302272,1
1418949093225746433,1
1418957453740453891,0
1418958699071213581,1
1419013230706319360,0
1419014332248170498,0
1419021881777270789,1
1419105380764880898,1
1419109224815153154,0
1419112948014796806,0
1419276976846692352,0
1419339006509260800,2
1419460106937409539,1
1419491149643911170,1
1419546664763891713,1
1419699629290102784,1
1419778560647172097,0
1419791717339959296,1
1419872362145751042,1
1419883564498366467,2
1419892991196467200,1
1419945690894118914,1
1420026174957293569,1
1420098568606601218,1
1420155177462550531,1
1420299873212063750,2
1420300741948977155,1
1420381302860263439,1
1420626663700848641,0
1420634562720317442,0
1420799038107144196,0
1420813921255047168,1
1420815539686027267,1
1420999010115063809,1
1421221565044297734,1
1421302253269536771,0
1421424825239810055,2
1421666543918796801,0
1421683546746466305,0
1421948930351411209,1
1422032530505715712,1
1422032567780401153,1
1422426538046214154,1
1422533217257668614,1
1422666595269234689,0
1422876228231499787,1
1423161967427080197,1
1423276158808993796,1
1423433139473600513,2
1423479686617653249,2
1423662160861859844,0
1423932560787206146,0
1425061051243155457,1
1425131317604331520,0
1425173660357349380,1
1425208157559836672,1
1425526362497032197,0
1425625332158185481,1
1425935673870139394,1
1426021092888612865,2
1426023743042772993,1
1426028927844339712,1
1426234607712673800,1
1426536600457076741,1
1426582334195703812,1
1426608996237066242,1
1426846128318795777,0
1426846550181875713,0
1426850920097226758,1
1426893504572239876,0
1426961159966674945,1
1426989623272673283,1
1427228512029716484,1
1427613315262386184,0
1427656405226430468,2
1427699307499728896,1
1427845220348030976,2
1428070288013541387,0
1428459290969378817,0
1428984137067737089,2
1428985272524414979,1
1429036646205378565,1
1429051206689714179,0
1429476168428834820,0
1429514281524006912,1
1429767184700657675,0
1429778571929718785,1
1429890901984354307,2
1429977286053298176,1
1430444090378932228,2
1430553289737842692,1
1430769503768432640,2
1430832421226831879,0
1430847860875137027,1
1430879797740068868,1
1431298283532525568,1
1431367105648095233,2
1431390522489311238,1
1431492284852305923,1
1431564875965288451,0
1431576830096576512,2
1432066969516208133,1
1432106238855180289,2
1432121366212399105,0
1432412601393287170,2
1432695049523974147,2
1432727969496186885,1
1432746028231532545,1
1433167580198432768,0
1433338747781668868,0
1433446150372315141,0
1433508865102987274,1
1434133815526666242,1
1434139093932380165,0
1434144519310790656,2
1434158460413915148,1
1434427605751578625,0
1434538357552451584,2
1434814350204669956,0
1435003348411899915,1
1435003732916326408,1
1435119558763941891,2
1435129656177463297,2
1435131289355489282,0
1435159354446016515,0
1435225620800286720,2
1435583534815662090,1
1435711390728155145,1
1435723864135413762,2
1435835724041912321,1
1435879548998991873,1
1436012213471428610,2
1436063930435178500,1
1436195407734796300,0
1436195953237766148,2
1436206565468508168,1
1436395007204790296,1
1436694824581677065,1
1436704255826669574,2
1436785664800919554,1
1436789554757861377,1
1436790080836882437,1
1436965137181708289,2
1437124958790963203,1
1437496339479162883,0
1437502607463956485,1
1437774730761674752,1
1437843525266132992,1
1437991564576534535,0
1438004888672243712,0
1438009421494325248,0
1438354696763215873,2
1438355383446167553,2
1438380951973683200,1
1438453421305040898,1
1438465128110960648,1
1438889760546754564,2
1438971071282257924,1
1438989993096069121,0
1439235765859495937,0
1439240323763474435,1
1439286632759414792,1
1439288443394301955,1
1439529598094503940,1
1439595888633077762,1
1439614260326375429,1
1439873360205422592,1
1439878367147216897,1
1439949079518253065,1
1439973745326755854,0
1440138377999781890,1
1440145363369750538,2
1440157214195392519,1
1440160195452149760,1
1440687722356641798,2
1440860722037096448,0
1440964161866018819,1
1440987153136160775,0
1441546399871426561,2
1441679276974088194,0
1441684520592236555,2
1441779657066614784,2
1441893375838408708,1
1441899763478110218,2
1441949094692331521,1
1442239159955906562,0
1442244213756805121,1
1442893962948141062,2
1442986859605512197,1
1443157042714324999,0
1443315186165854208,2
1443405116607025153,2
1443434600651317249,0
1443498440495796230,1
1443642180908748803,0
1443909998917165058,0
1443944723450839053,1
1444215625161879553,0
1444303725284188162,2
1444385445551411205,0
1444393520752586754,2
1444395726998544387,2
1444543291022794759,0
1444551378672635905,0
1444670915204157442,0
1445036928466755591,2
1445471133550010371,1
1445644577612787724,0
1445650979127394306,1
1446023277491724293,0
1446461649091694624,1
1446477517364285446,1
1446519465399791625,2
1446747257819254784,1
1447198073919258626,1
1447284307593101315,0
1447301185262821383,2
1447386849895493634,2
1447454614941540352,1
1447871215465545736,2
1447874938589700097,0
1447883635369996296,2
1447955626055938055,2
1448081187273154562,1
1448596410165719040,1
1448894738179010563,1
1448941727704813590,0
1448964658845519873,2
1448979726740111375,1
1449082842886119433,0
1449185380654321679,0
1449476032759730178,2
1449610537256595456,2
1450030251539578885,2
1450038551513636869,0
1450093828036341771,1
1450118966320451589,0
1450206420457172996,1
1450213255532662792,0
1450596696111521797,1
1450776095947644931,1
1450788879640956929,1
1450844175834955776,0
1450990682735325190,2
1450993399255928837,2
1451001366982316032,1
1451004892403937281,2
1451044279825035272,1
1451735898773655553,1
1451937833527099401,1
1451960366309814272,0
1452039319196090372,0
1452083703526592513,2
1452501487423311875,1
1452515144316035072,1
1452522424147357700,1
1452533255694176256,1
1452855462924365824,2
1452856261905506306,0
1453136619742105602,2
1453589258896240640,1
1453663138298093568,1
1453998772980224001,0
1454190881565810695,1
1454509975137660947,2
1454686346904317968,2
1454935625640075267,1
1455244115138908160,0
1455263448405786630,1
1455612490616868865,0
1456018245509595143,1
1456029412516843534,2
1456213227231137799,0
1456267649063682060,1
1456269103518261258,1
1456269145612320773,1
1456455525332365313,1
1456652772871340033,1
1456906710753361920,1
1457003515180724232,2
1457022486269370377,1
1457022521400758277,1
1457342184919797778,0
1457347124652396553,1
1457703794679160839,1
1457769052428976133,0
1458088701989466127,1
1458253466204258308,1
1458796684696297474,2
1458929066690633728,1
1459059838336569344,1
1459061945059856384,2
1459068544906403842,1
1459323077062541313,1
1459344312978788358,2
1459570984457965568,1
1459719070756990976,2
1459738390782517248,2
1460052760091447306,1
1460060415665266688,2
1460076162852470790,2
1460096746122477569,1
1460475044740567041,2
1460630641788309504,1
1460792790556758023,0
1461032066754261000,1
1461092420016214017,1
1461209492587225089,0
1461382613168443396,0
1461598260766941186,0
1461610999551832067,2
1461683158827610123,2
1461706808611983361,1
1461708299754082308,1
1461950692789133316,2
1461990098011103233,1
1462092180198146057,1
1462107342233903104,1
1462148748549623809,1
1462282629235965953,2
1462476842607259656,2
1462777132971560962,1
1462836683917910020,1
1462896189494419462,1
1462983325409325062,2
1463123426340749312,1
1463141035333324804,1
1463380453595910147,0
1463393199175569413,2
1463393437835792384,2
1463847277991243777,0
1463916887792832514,1
1463925378301497354,2
1463938059322511372,1
1463994870205349888,0
1464023854066638856,0
1464041490166996993,0
1464048501629886464,1
1464260253781041154,1
1464303850551066633,1
1464322989089079304,1
1464645738579869707,1
1464708032701603844,1
1464716674062450688,1
1464729132785307651,2
1464957308157452294,0
1464964965241077763,0
1465153567396962313,1
1465219535775088642,1
1465248634950225923,1
1465437606653612032,1
1465633906556903429,0
1465723312458416134,0
1465738087972147201,1
1465871547571208196,0
1466339706027884545,1
1466481869189533699,0
1466540389708353538,1
1466771977335672839,0
1467375214136905729,1
1467513364171665409,2
1467573395785142272,0
1467579876580499475,1
1467598155307003904,0
1467819860960890886,1
1467822373126742022,2
1467848857728045067,1
1467917249478541314,1
1468028357971353601,1
1468050076526284800,2
1468120680172449792,2
1468206966753349642,2
1468459714946154501,2
1468468257636208642,1
1468473606485254144,0
1469273660427214848,1
1469280636519202822,1
1469386201526423556,0
1469389201649057798,0
1469406463399501824,1
1469479296502743043,0
1469564210254204928,0
1469930710886756357,0
1469947631665389570,0
1470048971284365315,1
1470050927331528705,1
1470118249237000194,2
1470287618868867072,0
1470332723948568576,0
1470367360427118593,2
1470367573296431109,0
1470608496001380352,1
1470766286942658564,0
1470996905454977028,1
1471310805056602116,0
1471422905938444289,2
1471518688322809865,2
1471902605311987718,2
1471932983615627264,1
1472121799081140224,1
1472628377395810319,1
1472752508527382531,1
1472961452831031302,1
1472976535959265283,2
1472994890732736513,1
1473216078981570563,1
1473217188743892992,0
1473228416698753025,1
1473232110068674564,1
1473446421181485056,2
1473452580118347781,2
1473782866018451459,1
1473815857759330304,2
1474196551983534104,1
1474364943600439296,0
1474378999715487745,0
1474395165267673093,1
1474401419629404187,1
1474452361821274114,0
1474645210181382144,1
1474697612209000451,0
1474700546003120135,2
1474709743256039424,0
1474810620243501058,0
1474853263698706435,2
1475090884332974084,1
1475192426327248900,1
1475450631242588161,1
1475526895622098946,1
1475551930638295042,2
1475830758862430210,2
1475999845961842692,2
1476027339117051911,1
1476206633902649352,1
1476554162410303493,2
1476660431267803144,0
1476667432504897538,1
1476710776379518980,2
1476886352507645960,0
1476969342038282241,2
1477186081019899905,2
1477309488415838211,2
1477360174646149123,0
1477373206864580608,2
1477600416049377285,1
1477601628333264900,2
1477611207804792842,2
1477755082636550149,1
1477796817656074241,1
1478041075491262465,1
1478135004827897858,0
1478159371855020032,2
1478161992053669889,1
1478282904396468224,1
1478293958639820801,0
1478459983889149952,0
1478733701823479814,1
1478769572257878020,1
1478833821759918080,0
1478908186245713921,2
1478977042074984449,2
1478989725625110528,1
1479258402614398978,0
1479259403815723008,2
1479273191537139721,1
1479305227769577474,0
1479683030172061700,1
1479693173572063236,0
1479698796775112704,2
1479910081844109314,0
1479911946879000577,2
1479923886904856578,2
1480029809346547713,0
1480036920763711490,2
1480039867279101954,0
1480192386391109632,1
1480231311872827399,1
1480487845865398277,0
1480667846787182597,1
1481010352917733386,2
1481182362046283776,1
1481189213034860547,1
1481197444914372612,0
1481343715415371789,0
1481373367064170497,2
1481391427082932232,0
1481647407595094026,1
1481727799547375618,2
1481736953108353027,1
1481872497440133120,1
1482019966991802368,2
1482124853629046795,1
1482329265555312642,1
1482405102937731073,0
1482666634502357002,2
1482927455468126209,2
1483133166395301895,1
1483137116284481537,2
1483325810396311553,1
1483332550336688131,1
1483340703396921344,1
1483382376856236033,0
1483605147129372673,0
1483673387436322819,1
1483695790384111619,0
1483713803082731524,1
1483769162887577611,1
1483886465893478406,1
1484139065205084163,1
1484220285175881733,2
1484468521039970304,0
1484535278513573894,2
1484567677444276233,2
1484910696391487498,1
1484993961181818881,2
1485171182890590210,2
1485270406084837379,2
1485300042747441156,1
1485326808727777280,1
1485336065951113216,1
1485352510986481665,2
1485710541012279296,2
1485719315207049216,0
1485727754893119488,1
1485728366170939393,1
1485757394546495489,2
1485961904250105859,0
1485998870526058497,0
1486040416931692548,2
1486131929300672514,2
1486223270747815936,2
1486225026537988098,0
1486344870004408325,1
1486372746577780739,0
1486617485432475648,0
1487174910896132101,1
1487187717494657027,1
1487346382545764352,1
1487419399330209798,0
1487490700023377922,1
1487498646711009280,1
1487512206426050561,0
1487641715691380737,1
1487765034700656641,1
1487812582018850820,2
1487813666644836368,1
1487822238883659779,1
1487977988914298885,1
1488228092086788102,2
1488239757180252174,1
1488254091365171210,0
1488546637383225344,2
1488556509617393676,1
1488570628751994885,1
1488705967491457026,1
1488884343569268737,1
1489037717656813572,2
1489153753932451843,1
1489554324707500032,1
1489685418018848770,1
1489800085139427334,0
1489803860935729155,0
1489910021416706050,0
1489954283332141058,1
1489958626001252356,2
1489971323317080069,1
1490045707805290497,2
1490294287199879170,0
1490321564512014339,1
1490433480446070788,1
1490454508903743489,2
1490457746587762693,2
1490596398009487367,1
1490695971726147594,0
1490786718508802053,2
1490848834716848131,1
1490996536096231426,1
1491005551106727936,2
1491276831273926661,1
1491279673191710723,2
1491280913472561153,1
1491331247611990020,0
1491337497351438339,2
1491460267179446280,1
1491608869558095872,2
1491615315209461763,0
1491748444054200322,2
1492078290739372071,1
1492226984377790469,1
1492230167217033228,2
1492344343449202689,0
1492554347779182611,1
1492554396978192387,2
1492797202950930434,0
1492898233026236420,0
1492946034556813313,2
1492949444941205511,2
1493057690079223809,0
1493181429982892042,0
1493261829962977287,2
1493329289286197248,1
1493579014090412035,1
1493855264386469889,2
1493871010860441602,0
1493874459488440322,0
1493971996090191872,1
1494174344771420160,1
1494279723932807170,0
1494320738421157891,1
1494397451188514823,1
1494461662853623833,1
1494559819294035996,0
1494570815999913993,2
1494604750632865795,2
1494991099517046785,2
1495213358856949769,1
1495228008755773442,2
1495329249133477890,0
1495346666672734217,2
1495347224871645189,1
1495565807975387138,1
1495572514742882308,0
1496190689180360704,1
1496194448602152963,1
1496493045738528768,1
1496584237897682945,1
1496617798155616258,0
1496658636650606595,0
1496886890653691904,0
1496922966139015170,1
1496933180527493127,1
1497112841588908033,2
1497160561003429891,1
1497418753272946688,2
1497515887359934465,1
1497647655127711747,1
1497656774173810692,2
1497934647908519942,1
1497934699733434369,1
1497959831147360260,1
1498026954028630020,2
1498029071229353985,2
1498039673851052037,2
1498100687380561923,0
1498270511717130244,0
1498423892502843398,1
1498537267215970304,1
1498663216263532545,0
1498720616731398144,0
1498834887113154566,2
1499151118529662994,2
1499183023669010432,0
1499373680773808129,0
1499686420356677636,1
1499746994180481036,1
1499771403943432193,1
1500088937951465472,2
1500091688018137093,2
1500101758407876610,1
1500518623248486400,2
1500569393150971917,1
1500663203541696514,0
1500670567099383811,1
1500797839055761412,2
1500863985213657088,1
1501000077350899712,1
1501005747924049920,2
1501021842500468742,2
1501281102354268165,1
1501496407886344193,0
1501757660890345478,1
1501793437699428355,2
1501794196272861185,0
1501914133687672833,1
1501930208143851523,2
1502080706335449088,0
1502214055724871681,0
1502318677986840591,1
1502483515874631684,1
1502664224358776832,0
1502665619413602305,0
1502674976943575041,1
1502683935372894208,2
1503043646517649409,2
1503112493169844232,1
1503113217920409600,2
1503359541353799680,0
1503398137951625217,0
1503429763423166469,1
1503694505920376837,2
1503963582593400834,1
1504112968803442693,0
1504151760931336196,1
1504186093058596869,0
1504191233421295622,2
1504202994048540677,2
1504503167479857155,1
1504509578863599620,0
1504831261163982852,1
1504837677656420355,0
1504896678662270978,1
1504997307812659202,0
1505062610755981312,1
1505163131164708865,2
1505303111451226112,0
1505474255491764224,2
1505487426000769027,0
1505496626617540608,2
1505775665374588930,2
1505778728869183490,1
1505826873753935873,2
1506088596415328260,0
1506148781871443969,0
1506169315518734343,1
1506486417991647236,2
1506491284868927492,1
1506725074199453698,2
1506834278088261632,2
1506851715177402369,2
1506941395642236930,1
1507403928182341641,1
1507409141312094209,2
1507436092609413122,1
1507695216068808704,0
1507707108934008838,2
1507708821338456075,1
1507715615804506113,1
1507761183096549383,0
1507886185313677319,2
1507897021809709068,2
1507911655702900742,1
1507918700426371074,1
1507934761741918210,2
1507943874274238467,1
1508252777830518786,0
1508556116489342985,2
1508563277663641609,2
1508564740624330765,0
1508761092100608003,2
1508771253800296451,1
1508893085668982792,0
1508893962685267971,0
1509156067665666055,1
1509224283993780224,2
1509548720727154689,1
1509606762466316288,2
1509645221646110723,0
1509668851390238724,2
1509701539287683076,0
1510056329351553027,0
1510107702554673153,0
1510197175921397760,1
1510197261682286594,0
1510204192060846085,1
1510350213357051907,2
1510492368604221444,2
1510527366325751810,2
1510536034248974345,2
1510547049611153409,1
1510633075377463302,0
1510891710670577671,0
1510978848376209414,2
1511036063699152904,0
1511121996007936001,1
1511133172561596416,0
1511149510973526018,2
1511160279509487622,2
1511671449710473218,2
1511966912057864192,1
1512028652602544128,2
1512098656786206721,1
1512155539869949963,2
1512160468005269509,0
1512161252767850504,2
1512170939542388747,1
1512412105965772810,1
1512517212665487363,0
1512551670948909059,1
1512563605866102784,2
1512616344532959234,2
1512626366814040069,0
1512643695606128645,2
1512965895244726274,2
1512975048260399106,1
1512986771726139394,0
1512988237287022593,2
1513109270682017792,2
1513535671901818886,1
1513826140556775425,2
1513879791631491092,1
1513955378190553088,0
1513973265412378624,0
1513976958387949580,0
1514126814540668932,0
1514129899816202240,1
1514132667834507264,2
1514249801520590849,0
1514251073690681346,2
1514257356871323654,1
1514464819654451201,2
1514606812909080579,2
1514611997198807049,0
1514744704725925893,0
1514872983722074117,1
1514891496323006469,1
1514902415698370561,1
1514905616036220928,1
1514924465351761922,1
1514942628340637697,1
1515389716685676548,2
1515413426260086784,1
1515414747507793920,1
1515539818062614530,2
1515601128695738368,1
1515653988288544774,2
1515711321513340930,1
1515725704280875015,2
1515735914504499203,1
1515845193978703872,2
1515909892208574473,0
1515930877041471490,2
1516263053129445377,1
1516424947295469578,2
1516472849250197510,0
1516659561138200576,2
1516666034585214978,1
1516673239673720832,2
1516897437654589440,2
1516951856957767680,2
1516969982948696064,2
1517011017246511105,1
1517128405824806912,2
1517151544491143168,1
1517408789863059456,1
1517824924232077314,0
1517967357926420482,2
1518140495264108545,1
1518150756930666498,2
1518172794093191169,0
1518416512746496000,1
1518422649549950976,2
1518591950563291137,2
1518696361385897984,0
1518808537920851968,1
1518809709989580801,2
1519303635657703426,1
1519348212150288386,2
1519501284658790401,2
1519510548345507842,2
1519524370460381184,0
1519700333110251520,1
1519715374777847808,0
1519928515810021376,2
1520012119374192641,2
1520176154015113223,1
1520402982822580224,0
1520403271785099264,1
1520463632320155648,2
1520468678676041728,0
1520473546358550528,2
1520487111425761281,2
1520490962627272712,1
1520561997263294464,2
1520798888839593986,2
1520918863042383872,2
1520937120889638912,2
1520945894169976832,2
1521006576328347648,1
1521009893314023426,2
1521100693226065920,0
1521123703173570560,2
1521491733997105153,1
1521503481298890752,1
1521661781965299712,2
1521836567492366336,2
1522085885285584896,2
1522462993526968320,0
1522924571522912256,1
1522988295134846976,2
1523000224066809856,2
1523027149980315649,2
1523291196604395521,2
1523350646803468288,1
1523485612275163137,2
1523485977087397889,2
1523597797924433921,0
1523704466951745537,0
1524057406296240131,0
1524065485968523265,2
1524109177471262720,0
1524211198769582085,2
1524234101871587330,1
1524436414754086913,0
1524440426169741312,2
1524615889995317248,2
1524813740931170306,0
1525155543014428672,2
1525239630114656256,0
1525333643647979520,2
1525505735576023040,1
1525552947907682305,0
1525633938730782720,2
1525806066604605440,2
1525808590782533632,2
1525811971924238337,2
1525825323752992770,0
1525875909852635136,2
1525993582393319424,0
1526004160235294720,2
1526015461430767622,1
1526067529084542981,0
1526428443205718016,0
1526437821396836352,0
1526452014250614784,1
1526485995931181056,1
1526492940079611909,1
1526690089627172864,1
1526858756671569920,1
1527335407033016329,2
1527336783100272661,0
1527354133635747852,2
1527516105568268288,1
1527525845883146245,2
1527529732538920960,2
1527559776091119616,1
1527691276384096257,0
1527694495382269952,2
1527828766025666560,1
1527952072590491649,2
1527953817647874048,1
1527964119340572672,2
1528070995491184641,1
1528081172940529664,2
1528371607026253824,2
1528389326593212416,2
1528392494316015617,1
1528444338803552261,1
1528634007642161152,2
1528674432394268672,2
1528686349976576001,1
1528963465624305665,1
1529107224236240898,1
1529121356054671360,2
1529440017344565249,2
1529440289441579008,0
1529511538490474496,2
1529602436712775682,0
1529672652289236993,2
1529785426113744896,2
1529805696816103425,2
1530037308522696710,2
1530039939810766848,2
1530057107977998337,2
1530066015715041280,1
1530145069835116545,1
1530145580630016000,1
1530169369820549120,2
1530367150103445505,2
1530502132830334976,2
1530544857537822721,2
1530547715746058240,2
1530563874868678659,2
1530721269414510594,1
1530726663503417345,1
1530740658196975617,2
1530911522091937793,2
1531082309318885379,2
1531084789813415936,2
1531105612335136768,1
1531153450087718914,0
1531474071698952204,1
1531622848741232641,2
1531630727820980227,1
1531647858230841344,0
1532092099344089090,1
1532100473360097282,1
1532154646600507393,2
1532624981531979776,2
1532633514969112578,2
1532640402989125632,2
1532829329700401152,1
1532976019900190720,2
1533183575515975680,2
1533201730044776448,1
1533219430511132672,2
1533255905092902912,2
1533333496152076288,1
1533424829310943232,2
1533457926488211466,1
1533582496168050688,2
1533761778231943169,2
1533765793246334976,1
1533925211489325056,2
1533932742068649985,2
1533936119833927683,2
1534264783029026817,0
1534535776452505601,1
1534535940626165760,0
1534558046365437953,0
1534600560581611520,0
1534839640158613508,0
1534910724346105857,0
1535049704480063488,2
1535087339277623302,2
1535093592888418304,0
1535185105626574848,1
1535476715098673154,2
1535688194645282818,2
1535695707730022400,2
1535734775406727168,1
1535880234914181121,2
1535917034256596992,2
1536157692535898117,2
1536172971219308544,1
1536181271973470208,2
1536359079148503041,0
1536575095547645957,2
1536581690004541440,2
1536589424468844544,1
1536602898221903872,0
1536671072246185985,0
1536926046276263936,1
1537057460111953921,1
1537080073387495429,1
1537111812080115716,1
1537525663745331201,1
1537535184563757056,2
1537767587983020032,2
1538061167276331008,2
1538075354467913730,1
1538182959785705473,2
1538241735758864384,2
1538352006942937088,2
1538471252003893249,2
1538585504144310273,2
1538594327240364033,2
1538602213135851520,2
1538611943493320711,2
1538694229253300225,1
1538696374803374081,2
1538705180803448832,2
1538851637334118400,1
1538951479624486912,1
1539231769366564864,1
1539243998421852160,0
1539296542963687424,0
1539356412236767232,1
1539559197125263361,2
1539569603705282562,2
1539578847309463553,1
1539702206634622981,2
1539708993098104832,2
1539784361800876033,0
1539832157438451712,2
1539955393643806721,1
1540218909529456642,2
1540221812134617090,2
1540703150134464512,1
1540770353839951872,2
1540770853222088705,2
1540985377531789312,2
1541086174630256640,2
1541103057743798272,2
1541350348597538817,2
1541454934364807170,1
1541471582543036421,2
1541599647323635714,2
1541832304896593920,0
1541836123609174016,2
1541863635412303874,1
1541935059342696449,1
1541962736908865538,2
1542013375067987968,2
1542017900395069440,2
1542235957742682112,1
1542687380733313026,1
1542861224593047553,2
1542913923141304323,1
1542932914005979136,0
1543186048263458816,0
1543312524400963584,1
1543479019525505024,2
1543678266384547842,2
1543925825078173702,2
1543938407872724996,2
1543968817906270209,0
1543978046817968134,2
1544075576629252096,1
1544077634497351682,2
1544079802193399810,1
1544292120697229312,0
1544304716896763905,2
1544475318119010306,0
1544476438761455623,2
1544490087383273474,0
1545034903993126912,0
1545086638988136449,2
1545127497209155585,0
1545230950929498113,2
1545255836695420933,2
1545384000931373056,2
1545417907773095938,1
1545764132909191169,2
1546108981063598081,2
1546143975987347456,2
1546217183478288385,2
1546227182296600578,2
1546295419172683776,0
1546297901202259970,0
1546458255626485760,0
1546520632032202754,1
1546830426953887744,0
1546851634503766017,1
1546973196800462858,2
1547008905862995968,2
1547024518446813184,2
1547416974921240577,1
1547428630384746497,2
1547437584070201346,1
1547489003926069248,2
1547775206223396865,0
1548281760923824129,1
1548283942687543301,2
1548290080762040320,2
1548393154847846401,0
1548459969015476224,1
1548548111957602304,1
1548660372856795136,1
1548664169041469440,2
1548841312857870341,2
1548852326722584578,1
1548858958995226626,2
1549074912618643457,1
1549076175175180293,1
1549422191741227008,1
1549436281293156352,2
1549493567017480192,0
1549578061640880128,2
1549590259524042753,2
1549777564566274054,1
1550126011513131009,0
1550224293924990976,1
1550238366356086785,0
1550243341203378180,2
1550341270455078913,2
1550344855519260672,2
1550348605621276672,1
1550470321588916225,1
1550474945637015554,2
1550492612506701824,0
1550674463091556352,2
1550685177051070466,1
1550861300779159554,1
1550903826575769601,1
1551175457441292288,2
1551185730357059585,2
1551194350553444352,2
1551215884500353025,2
1551233152575758342,0
1551628719198027776,0
1551641782194159617,2
1551646076553383936,2
1551831492980051968,0
1551832747140067328,2
1551880483537043458,2
1551883204658925568,2
1551981723054997510,0
1552072453630869505,2
1552080642296676352,1
1552117906200297473,2
1552255231328768003,2
1552401062228905985,1
1552489731052621824,2
1552690062835556354,2
1552693715239440385,2
1552822252718026754,2
1552822766860226560,0
1553005585880195072,1
1553122904304394241,0
1553357327440420865,0
1553475413845975040,2
1553566205826531329,2
1553672535245729793,2
1553673602322636802,2
1553712409969303552,0
1554025348064579586,2
1554423090414772226,2
1554482378256666626,1
1554496359423741957,1
1554506037905997826,1
1554512403970363395,0
1554818977758470144,1
1554979233591693312,1
1555016694590062598,2
1555022958174695426,2
1555025751128276992,2
1555295848677998593,2
1555534605347872770,2
1555801592452055040,2
1555811660115464194,2
1555860981607448576,1
1556213643154530307,2
1556243818646749184,2
1556547447274471426,0
1556850394688458752,2
1556854967612342273,1
1556855285997834241,0
1556958357088571398,2
1557024244613226497,0
1557202786684739584,1
1557217870609756161,2
1557276882353135616,0
1557301000305770496,2
1557532791717482496,2
1557545237165244417,2
1558136447034695682,2
1558143226053279745,2
1558151763672371208,0
1558377271001579521,2
1558573888321499136,2
1558614051537977344,0
1558782306478747649,2
1558923277338349573,2
1559130837240643586,2
1559138068975820802,1
1559143624109019136,0
1559147437071253504,2
1559155628420919296,2
1559476442316111874,2
1559580104774262786,2
1559581883184267264,2
1559603645221683202,2
1559724355688472583,2
1559938649776586752,1
1559947355880923141,2
1560237394091188225,0
1560244336352190464,1
1560332348746498049,2
1560543395025768455,2
1560567721246527489,2
1560620629396635648,2
1560627813656498176,1
1560639139074019330,2
1560792365484343298,0
1560884336865394688,0
1561107078256758787,0
1561375993176006656,1
1561396212191924224,1
1561705070768836610,0
1562072779658248194,2
1562073579839266820,2
1562235427888799746,1
1562374722536488960,2
1562460715453034497,2
1562643685736468483,2
1562648626714644480,2
1562713760728780801,2
1562849537982894080,2
1562920337817436161,1
1562921165274120193,2
1562924127022972928,2
1563026708160098304,1
1563105183084998656,1
1563114062812442625,0
1563121640266862592,0
1563129768840609792,2
1563131079967420416,2
1563548772197875715,2
1563585736149938179,2
1563713826456883200,2
1563718554167308291,0
1563749426229035009,2
1564209366202449921,2
1564210672984113152,0
1564289121903816704,0
1564338756920180736,2
1564344259049816064,1
1564418841425326080,2
1564427963919106049,0
1564438351192932352,2
1564447120643473409,2
1564624779470069761,2
1564642244887515138,2
1565072931826372608,2
1565141173483839489,2
1565343035994411011,1
1565411294836101120,2
1565416024022859777,2
1565562639660584960,1
1565577351710261249,1
1565623647619846144,2
1565690500732145664,1
1565970109482631168,2
1566043756469665792,2
1566049598124310538,1
1566484113460269063,2
1566528706721587202,1
1566537843526213633,2
1566747796136693766,1
1566844056688263168,1
1567107898030817285,1
1567108623368593410,2
1567124184144150528,2
1567598116844576770,2
1567800042596999169,2
1567811657396543488,0
1567828101157060608,0
1567968089085468673,0
1567975715894886402,2
1568118895432826882,2
1568210087935901696,1
1568225421275140096,2
1568680248186904576,2
1568710088784838656,0
1568714858576871425,0
1568719255910363136,2
1568856558909673472,2
1568996726576660489,0
1568999783175520260,2
1569086811422482432,0
1569111964416200706,0
1569394508021862403,1
1569427400479440899,0
1569475954522689537,2
1569486398994132993,2
1569574877857808384,2
1569878517260713990,1
1570002999828774915,0
1570015882893561856,0
1570019380930519042,2
1570053749963640832,1
1570452824177221632,0
1570632454314270721,2
1570652131883110400,0
1571184096906301442,2
1571200050277060609,2
1571206075646414848,2
1571210194306179079,1
1571254263854268416,2
1571463108895580160,2
1571466288035405825,2
1571486202729037826,1
1571499864126619648,2
1571507115713515520,1
1571510269108539394,2
1571868570564304898,2
1571940699247112192,1
1571959417712832512,1
1571969226411511810,0
1572030994999578625,0
1572253904431104004,2
1572661716542197760,1
1572734493928001536,1
1572757628547366912,2
1572921834676404226,2
1572930872155992069,2
1572934668462493698,0
1572940952121274369,2
1572945120885964805,1
1573035168650117122,0
1573165202820173825,2
1573342671695151105,1
1573359755867082753,2
1573464994070528003,2
1573753161030025218,0
1573753958706737152,1
1574161465371525120,2
1574402421295808512,2
1574406784223019008,2
1574441590055133184,1
1574446282126393357,1
1574447764741685248,2
1574522162123243520,1
1574561959634141184,0
1574794887999938566,0
1574797088684212225,2
1574973705079246849,1
1575054004094087168,2
1575490464408817666,1
1575608781303558144,0
1575725847012872193,1
1575760611434057728,1
1575869056376360960,1
1575907712751357953,1
1576251116181811200,0
1576309518643826688,2
1576467434739228672,0
1576504457449205760,1
1576507562949648384,2
1576509465100451840,2
1576834201911193601,2
1576840504389832704,2
1576919628764262401,2
1577222024954527744,1
1577259145559883776,2
1577270707163365377,2
1577288894198026240,0
1577374587595071488,0
1577496482235781121,1
1577686707310587905,2
1577803393598382081,2
1577887358569283584,0
1577924348387917826,0
1577955271846109184,1
1577962876832481280,1
1578223261875601408,2
1578294556931592192,1
1578445162619043872,2
1578485828728524802,2
1578656443624046594,1
1578660249493704704,0
1578665456851746816,2
1578671869590261760,0
1578907847534219264,1
1578915150761168901,1
1578919915591172096,2
1578930895297601536,2
1578951949072101377,1
1579573693008998400,2
1579678106469961728,0
1579695974200770560,2
1579817496034816002,0
1580009521061466112,2
1580133035449913344,2
1580313229175111681,2
1580491537594875906,2
1580498430035910656,2
1580609448477065216,2
1580632351159119873,1
1580881592171782145,2
1580885042540457984,0
1580893789610131456,0
1580950358389829633,0
1581120048160468993,2
1581137581500035072,2
1581151967040401408,2
1581741257755615233,0
1581750326960721920,2
1581948385447141377,2
1581976179258499072,2
1581976307101229059,1
1582035059330416640,2
1582037831257452546,1
1582235701344886784,0
1582271144584888320,2
1582291677225443328,1
1582771273263742979,2
1582839101270917120,1
1582842214669225984,2
1583013436413587456,2
1583132001770487808,1
1583164340101730305,2
1583243620324630528,2
1583253037925036032,2
1583399043064995841,1
1583548448069910528,1
1583549246694825984,0
1583552721952464896,2
1583778476800151552,2
1583802330159677440,0
1583927957680422912,2
1584213254271750146,1
1584231486701850625,1
1584238251379810304,2
1584247000333025280,1
1584459106634506240,1
1584547690641494017,1
1584557347967410176,0
1584563102091464704,1
1584803308824190981,2
1584880167906074624,2
1584882014540353537,0
1584886337437863936,1
1585292092624228353,1
1585292126677774336,1
1585306833690017794,2
1585571052779880448,1
1585579537592623106,1
1585596759480455168,0
1585802075681820672,2
1585810372506062848,2
1585981650739101696,1
1585988546833227776,0
1585997165251334144,2
1586160458926465024,2
1586175868233256962,2
1586443035227074560,2
1586647515931312128,2
1586672637899509760,1
1586782393784041479,0
1587112075373027336,1
1587171710100738048,0
1587186392865857536,2
1587521297810079744,0
1587552043652333570,2
1587557221977710593,2
1587577791863742464,1
1588099968023371777,1
1588137214625603590,1
1588217415418007554,2
1588234338444918784,1
1588237680252313600,2
1588248900619489280,2
1588340914031820801,2
1588366856494063618,1
1588393976075145216,0
1588486792394719232,1
1588499852543275009,2
1588622515949150208,1
1588876392145780737,1
1588947255012503552,0
1589135515252854785,2
1589149630851616768,0
1589242437494767619,0
1589249089887428608,2
1589322285273399296,1
1589540424917876737,2
1589709245897150465,1
1589853679754301442,2
1590071907801387008,1
1590212968771264512,2
1590220398800797696,2
1590250421591093249,0
1590618627371577344,2
1590783069585551360,2
1590837252414132224,2
1591024046631972864,0
1591302587873218568,2
1591441692867104769,2
1591451266965983233,0
1591497267764416513,2
1591529182290653184,2
1591541514504916992,2
1591549943344693248,1
1591705682264616960,0
1591870557070692353,2
1591890513585737729,2
1592022023731286016,1
1592032259745677314,1
1592105667632197632,2
1592134250047864832,0
1592234645462351873,1
1592572440206450689,0
1592701805414449152,2
1592922423997128704,1
1593039955575861248,2
1593053909190250497,1
1593158304880267265,2
1593159757421912064,1
1593167142345900032,0
1593410920826519553,1
1593609843495297024,1
1593700085652652038,1
1593712451488743424,2
1593712727855226880,0
1593725535934349312,2
1593875159118667776,2
1593981363543212032,2
1593982548996022272,1
1593987804748357633,1
1594236093196488704,2
1594637312469737479,2
1594692965015977984,2
1594718291641204738,2
1594789343339872256,0
1594808500911218700,1
1594893927265763330,1
1594948261063774208,0
1595298831285067776,2
1595400355289997313,0
1595401615304949761,2
1595590273421246466,0
1595591861150023680,0
1595607655631953922,0
1595611334779064323,2
1595775324557656067,2
1595777113793126401,0
1595799350940430336,1
1596141303641014273,2
1596389403340906497,2
1596390328654856192,2
1596411632795938816,2
1596413229193986051,2
1596512096765693954,2
1596513550214004736,0
1596671020856926210,2
1596685292143923200,0
1596705289436561408,2
1596883688968843265,2
1596969499282276353,0
1597022506879135744,1
1597245076715220994,2
1597245765197627392,2
1597253776057901056,2
1597263117334982656,2
1597309323138383872,2
1597314633228247042,2
1597513226228764673,0
1597516036294967296,2
1597550488890662912,0
1597554527141777408,2
1597807947442262017,2
1597816838234439680,2
1597944686341423105,2
1597948056837976065,2
1598071371615318016,2
